<?xml version="1.0" encoding="UTF-8" standalone="no"?><Tablero turno="2"><Nodo><Casilla tipo="Normal"><curaciónAuxiliar>0</curaciónAuxiliar></Casilla><Ficha tipo="Lancero"><daño>15</daño><vida>100</vida><vidaMáxima>100</vidaMáxima><dañoVariable>5</dañoVariable><facción>Facción1</facción><puedeMover>true</puedeMover><dañoACaballería>35</dañoACaballería></Ficha></Nodo><Nodo><Casilla tipo="Normal"><curaciónAuxiliar>5</curaciónAuxiliar></Casilla></Nodo><Nodo><Casilla tipo="Curación"><curaciónAuxiliar>0</curaciónAuxiliar><curación>10</curación><curaciónVariable>5</curaciónVariable><identificador>1</identificador></Casilla></Nodo><Nodo><Casilla tipo="Normal"><curaciónAuxiliar>5</curaciónAuxiliar></Casilla></Nodo><Nodo><Casilla tipo="Normal"><curaciónAuxiliar>0</curaciónAuxiliar></Casilla></Nodo><Nodo><Casilla tipo="Colina"><curaciónAuxiliar>0</curaciónAuxiliar><dañoExtra>10</dañoExtra></Casilla></Nodo><Nodo><Casilla tipo="Normal"><curaciónAuxiliar>0</curaciónAuxiliar></Casilla></Nodo><Nodo><Casilla tipo="Normal"><curaciónAuxiliar>0</curaciónAuxiliar></Casilla><Ficha tipo="Lancero"><daño>15</daño><vida>100</vida><vidaMáxima>100</vidaMáxima><dañoVariable>5</dañoVariable><facción>Facción2</facción><puedeMover>true</puedeMover><dañoACaballería>35</dañoACaballería></Ficha></Nodo><Nodo><Casilla tipo="Normal"><curaciónAuxiliar>0</curaciónAuxiliar></Casilla></Nodo><Nodo><Casilla tipo="Normal"><curaciónAuxiliar>0</curaciónAuxiliar></Casilla></Nodo><Nodo><Casilla tipo="Normal"><curaciónAuxiliar>5</curaciónAuxiliar></Casilla><Ficha tipo="Arquero"><daño>10</daño><vida>50</vida><vidaMáxima>50</vidaMáxima><dañoVariable>3</dañoVariable><facción>Facción1</facción><puedeMover>true</puedeMover><dañoFlechas>10</dañoFlechas><dañoFlechasVariable>5</dañoFlechasVariable></Ficha></Nodo><Nodo><Casilla tipo="Normal"><curaciónAuxiliar>5</curaciónAuxiliar></Casilla></Nodo><Nodo><Casilla tipo="Normal"><curaciónAuxiliar>5</curaciónAuxiliar></Casilla></Nodo><Nodo><Casilla tipo="Normal"><curaciónAuxiliar>0</curaciónAuxiliar></Casilla></Nodo><Nodo><Casilla tipo="Normal"><curaciónAuxiliar>0</curaciónAuxiliar></Casilla></Nodo><Nodo><Casilla tipo="Normal"><curaciónAuxiliar>0</curaciónAuxiliar></Casilla></Nodo><Nodo><Casilla tipo="Normal"><curaciónAuxiliar>0</curaciónAuxiliar></Casilla><Ficha tipo="Arquero"><daño>10</daño><vida>50</vida><vidaMáxima>50</vidaMáxima><dañoVariable>3</dañoVariable><facción>Facción2</facción><puedeMover>true</puedeMover><dañoFlechas>10</dañoFlechas><dañoFlechasVariable>5</dañoFlechasVariable></Ficha></Nodo><Nodo><Casilla tipo="Normal"><curaciónAuxiliar>0</curaciónAuxiliar></Casilla></Nodo><Nodo><Casilla tipo="Copa"><curaciónAuxiliar>0</curaciónAuxiliar><vida>50</vida><facción>Facción1</facción></Casilla></Nodo><Nodo><Casilla tipo="Normal"><curaciónAuxiliar>0</curaciónAuxiliar></Casilla></Nodo><Nodo><Casilla tipo="Catapulta"><curaciónAuxiliar>0</curaciónAuxiliar><dañoProyectiles>15</dañoProyectiles><dañoProyectilesVariable>7</dañoProyectilesVariable><identificador>1</identificador></Casilla><Ficha tipo="Bárbaro"><daño>30</daño><vida>100</vida><vidaMáxima>100</vidaMáxima><dañoVariable>15</dañoVariable><facción>Facción1</facción><puedeMover>true</puedeMover></Ficha></Nodo><Nodo><Casilla tipo="Normal"><curaciónAuxiliar>0</curaciónAuxiliar></Casilla><Ficha tipo="Guerrero"><daño>15</daño><vida>200</vida><vidaMáxima>200</vidaMáxima><dañoVariable>2</dañoVariable><facción>Facción1</facción><puedeMover>true</puedeMover></Ficha></Nodo><Nodo><Casilla tipo="Normal"><HachaDivasónica><dañoExtra>10</dañoExtra><dañoExtraVariableE>7</dañoExtraVariableE><vidaPorTurno>5</vidaPorTurno><vidaPorTurnoVariable>4</vidaPorTurnoVariable></HachaDivasónica><curaciónAuxiliar>0</curaciónAuxiliar></Casilla></Nodo><Nodo><Casilla tipo="Normal"><curaciónAuxiliar>0</curaciónAuxiliar></Casilla></Nodo><Nodo><Casilla tipo="Catapulta"><curaciónAuxiliar>0</curaciónAuxiliar><dañoProyectiles>15</dañoProyectiles><dañoProyectilesVariable>7</dañoProyectilesVariable><identificador>2</identificador></Casilla><Ficha tipo="Guerrero"><daño>15</daño><vida>176</vida><vidaMáxima>200</vidaMáxima><dañoVariable>2</dañoVariable><facción>Facción2</facción><puedeMover>true</puedeMover></Ficha></Nodo><Nodo><Casilla tipo="Normal"><curaciónAuxiliar>0</curaciónAuxiliar></Casilla></Nodo><Nodo><Casilla tipo="Copa"><curaciónAuxiliar>0</curaciónAuxiliar><vida>50</vida><facción>Facción2</facción></Casilla></Nodo><Nodo><Casilla tipo="Normal"><curaciónAuxiliar>0</curaciónAuxiliar></Casilla></Nodo><Nodo><Casilla tipo="Normal"><curaciónAuxiliar>0</curaciónAuxiliar></Casilla></Nodo><Nodo><Casilla tipo="Normal"><curaciónAuxiliar>0</curaciónAuxiliar></Casilla></Nodo><Nodo><Casilla tipo="Normal"><curaciónAuxiliar>0</curaciónAuxiliar></Casilla></Nodo><Nodo><Casilla tipo="Normal"><curaciónAuxiliar>0</curaciónAuxiliar></Casilla></Nodo><Nodo><Casilla tipo="Normal"><curaciónAuxiliar>5</curaciónAuxiliar></Casilla></Nodo><Nodo><Casilla tipo="Normal"><curaciónAuxiliar>5</curaciónAuxiliar></Casilla></Nodo><Nodo><Casilla tipo="Normal"><curaciónAuxiliar>5</curaciónAuxiliar></Casilla></Nodo><Nodo><Casilla tipo="Normal"><curaciónAuxiliar>0</curaciónAuxiliar></Casilla><Ficha tipo="Bárbaro"><daño>30</daño><vida>100</vida><vidaMáxima>100</vidaMáxima><dañoVariable>15</dañoVariable><facción>Facción2</facción><puedeMover>true</puedeMover></Ficha></Nodo><Nodo><Casilla tipo="Normal"><curaciónAuxiliar>0</curaciónAuxiliar></Casilla><Ficha tipo="Caballero"><daño>20</daño><vida>100</vida><vidaMáxima>100</vidaMáxima><dañoVariable>10</dañoVariable><facción>Facción1</facción><puedeMover>true</puedeMover><dañoCarga>30</dañoCarga></Ficha></Nodo><Nodo><Casilla tipo="Normal"><curaciónAuxiliar>0</curaciónAuxiliar></Casilla></Nodo><Nodo><Casilla tipo="Normal"><curaciónAuxiliar>0</curaciónAuxiliar></Casilla></Nodo><Nodo><Casilla tipo="Colina"><curaciónAuxiliar>0</curaciónAuxiliar><dañoExtra>10</dañoExtra></Casilla></Nodo><Nodo><Casilla tipo="Normal"><curaciónAuxiliar>0</curaciónAuxiliar></Casilla></Nodo><Nodo><Casilla tipo="Normal"><curaciónAuxiliar>5</curaciónAuxiliar></Casilla></Nodo><Nodo><Casilla tipo="Curación"><curaciónAuxiliar>0</curaciónAuxiliar><curación>10</curación><curaciónVariable>5</curaciónVariable><identificador>2</identificador></Casilla></Nodo><Nodo><Casilla tipo="Normal"><curaciónAuxiliar>5</curaciónAuxiliar></Casilla><Ficha tipo="Caballero"><daño>20</daño><vida>100</vida><vidaMáxima>100</vidaMáxima><dañoVariable>10</dañoVariable><facción>Facción2</facción><puedeMover>true</puedeMover><dañoCarga>30</dañoCarga></Ficha></Nodo><Nodo><Casilla tipo="Normal"><curaciónAuxiliar>0</curaciónAuxiliar></Casilla></Nodo></Tablero>