<?xml version="1.0" encoding="UTF-8" standalone="no"?><Tablero><Nodo><Ficha tipo="Normal"><curaciónAuxiliar>0</curaciónAuxiliar></Ficha><Ficha tipo="Lancero"><daño>15true</daño><vida>100</vida><vidaMáxima>100</vidaMáxima><dañoVariable>5</dañoVariable><facción>Facción1</facción><puedeMover/><dañoACaballería>35</dañoACaballería></Ficha></Nodo><Nodo><Ficha tipo="Normal"><curaciónAuxiliar>0</curaciónAuxiliar></Ficha></Nodo><Nodo><Ficha tipo="Curación"><curaciónAuxiliar>0</curaciónAuxiliar><curación>10</curación><curaciónVariable>5</curaciónVariable><identificador>1</identificador></Ficha></Nodo><Nodo><Ficha tipo="Normal"><curaciónAuxiliar>0</curaciónAuxiliar></Ficha></Nodo><Nodo><Ficha tipo="Normal"><curaciónAuxiliar>0</curaciónAuxiliar></Ficha></Nodo><Nodo><Ficha tipo="Colina"><curaciónAuxiliar>0</curaciónAuxiliar><dañoExtra>10</dañoExtra></Ficha></Nodo><Nodo><Ficha tipo="Normal"><curaciónAuxiliar>0</curaciónAuxiliar></Ficha></Nodo><Nodo><Ficha tipo="Normal"><curaciónAuxiliar>0</curaciónAuxiliar></Ficha></Nodo><Nodo><Ficha tipo="Normal"><curaciónAuxiliar>0</curaciónAuxiliar></Ficha><Ficha tipo="Lancero"><daño>15true</daño><vida>100</vida><vidaMáxima>100</vidaMáxima><dañoVariable>5</dañoVariable><facción>Facción2</facción><puedeMover/><dañoACaballería>35</dañoACaballería></Ficha></Nodo><Nodo><Ficha tipo="Normal"><curaciónAuxiliar>0</curaciónAuxiliar></Ficha><Ficha tipo="Arquero"><daño>10true</daño><vida>50</vida><vidaMáxima>50</vidaMáxima><dañoVariable>3</dañoVariable><facción>Facción1</facción><puedeMover/><dañoFlechas>10</dañoFlechas><dañoFlechasVariable>5</dañoFlechasVariable></Ficha></Nodo><Nodo><Ficha tipo="Normal"><curaciónAuxiliar>0</curaciónAuxiliar></Ficha></Nodo><Nodo><Ficha tipo="Normal"><curaciónAuxiliar>0</curaciónAuxiliar></Ficha></Nodo><Nodo><Ficha tipo="Normal"><curaciónAuxiliar>0</curaciónAuxiliar></Ficha></Nodo><Nodo><Ficha tipo="Normal"><curaciónAuxiliar>0</curaciónAuxiliar></Ficha></Nodo><Nodo><Ficha tipo="Normal"><curaciónAuxiliar>0</curaciónAuxiliar></Ficha></Nodo><Nodo><Ficha tipo="Normal"><curaciónAuxiliar>0</curaciónAuxiliar></Ficha></Nodo><Nodo><Ficha tipo="Normal"><curaciónAuxiliar>0</curaciónAuxiliar></Ficha></Nodo><Nodo><Ficha tipo="Normal"><curaciónAuxiliar>0</curaciónAuxiliar></Ficha><Ficha tipo="Arquero"><daño>10true</daño><vida>50</vida><vidaMáxima>50</vidaMáxima><dañoVariable>3</dañoVariable><facción>Facción2</facción><puedeMover/><dañoFlechas>10</dañoFlechas><dañoFlechasVariable>5</dañoFlechasVariable></Ficha></Nodo><Nodo><Ficha tipo="Copa"><curaciónAuxiliar>0</curaciónAuxiliar><vida>50</vida><facción>Facción1</facción></Ficha></Nodo><Nodo><Ficha tipo="Normal"><curaciónAuxiliar>0</curaciónAuxiliar></Ficha><Ficha tipo="Guerrero"><daño>15true</daño><vida>200</vida><vidaMáxima>200</vidaMáxima><dañoVariable>2</dañoVariable><facción>Facción1</facción><puedeMover/></Ficha></Nodo><Nodo><Ficha tipo="Catapulta"><curaciónAuxiliar>0</curaciónAuxiliar><dañoProyectiles>15</dañoProyectiles><dañoProyectilesVariable>7</dañoProyectilesVariable><identificador>1</identificador></Ficha></Nodo><Nodo><Ficha tipo="Normal"><curaciónAuxiliar>0</curaciónAuxiliar></Ficha></Nodo><Nodo><Ficha tipo="Normal"><HachaDivasónica><dañoExtra>10</dañoExtra><dañoExtraVariableE>7</dañoExtraVariableE><vidaPorTurno>5</vidaPorTurno><vidaPorTurnoVariable>4</vidaPorTurnoVariable></HachaDivasónica><curaciónAuxiliar>0</curaciónAuxiliar></Ficha></Nodo><Nodo><Ficha tipo="Normal"><curaciónAuxiliar>0</curaciónAuxiliar></Ficha></Nodo><Nodo><Ficha tipo="Catapulta"><curaciónAuxiliar>0</curaciónAuxiliar><dañoProyectiles>15</dañoProyectiles><dañoProyectilesVariable>7</dañoProyectilesVariable><identificador>2</identificador></Ficha></Nodo><Nodo><Ficha tipo="Normal"><curaciónAuxiliar>0</curaciónAuxiliar></Ficha><Ficha tipo="Guerrero"><daño>15true</daño><vida>200</vida><vidaMáxima>200</vidaMáxima><dañoVariable>2</dañoVariable><facción>Facción2</facción><puedeMover/></Ficha></Nodo><Nodo><Ficha tipo="Copa"><curaciónAuxiliar>0</curaciónAuxiliar><vida>50</vida><facción>Facción2</facción></Ficha></Nodo><Nodo><Ficha tipo="Normal"><curaciónAuxiliar>0</curaciónAuxiliar></Ficha><Ficha tipo="Bárbaro"><daño>30true</daño><vida>100</vida><vidaMáxima>100</vidaMáxima><dañoVariable>15</dañoVariable><facción>Facción1</facción><puedeMover/></Ficha></Nodo><Nodo><Ficha tipo="Normal"><curaciónAuxiliar>0</curaciónAuxiliar></Ficha></Nodo><Nodo><Ficha tipo="Normal"><curaciónAuxiliar>0</curaciónAuxiliar></Ficha></Nodo><Nodo><Ficha tipo="Normal"><curaciónAuxiliar>0</curaciónAuxiliar></Ficha></Nodo><Nodo><Ficha tipo="Normal"><curaciónAuxiliar>0</curaciónAuxiliar></Ficha></Nodo><Nodo><Ficha tipo="Normal"><curaciónAuxiliar>0</curaciónAuxiliar></Ficha></Nodo><Nodo><Ficha tipo="Normal"><curaciónAuxiliar>0</curaciónAuxiliar></Ficha></Nodo><Nodo><Ficha tipo="Normal"><curaciónAuxiliar>0</curaciónAuxiliar></Ficha></Nodo><Nodo><Ficha tipo="Normal"><curaciónAuxiliar>0</curaciónAuxiliar></Ficha><Ficha tipo="Bárbaro"><daño>30true</daño><vida>100</vida><vidaMáxima>100</vidaMáxima><dañoVariable>15</dañoVariable><facción>Facción2</facción><puedeMover/></Ficha></Nodo><Nodo><Ficha tipo="Normal"><curaciónAuxiliar>0</curaciónAuxiliar></Ficha><Ficha tipo="Caballero"><daño>20true</daño><vida>100</vida><vidaMáxima>100</vidaMáxima><dañoVariable>10</dañoVariable><facción>Facción1</facción><puedeMover/><dañoCarga>30</dañoCarga></Ficha></Nodo><Nodo><Ficha tipo="Normal"><curaciónAuxiliar>0</curaciónAuxiliar></Ficha></Nodo><Nodo><Ficha tipo="Normal"><curaciónAuxiliar>0</curaciónAuxiliar></Ficha></Nodo><Nodo><Ficha tipo="Colina"><curaciónAuxiliar>0</curaciónAuxiliar><dañoExtra>10</dañoExtra></Ficha></Nodo><Nodo><Ficha tipo="Normal"><curaciónAuxiliar>0</curaciónAuxiliar></Ficha></Nodo><Nodo><Ficha tipo="Normal"><curaciónAuxiliar>0</curaciónAuxiliar></Ficha></Nodo><Nodo><Ficha tipo="Curación"><curaciónAuxiliar>0</curaciónAuxiliar><curación>10</curación><curaciónVariable>5</curaciónVariable><identificador>2</identificador></Ficha></Nodo><Nodo><Ficha tipo="Normal"><curaciónAuxiliar>0</curaciónAuxiliar></Ficha></Nodo><Nodo><Ficha tipo="Normal"><curaciónAuxiliar>0</curaciónAuxiliar></Ficha><Ficha tipo="Caballero"><daño>20true</daño><vida>100</vida><vidaMáxima>100</vidaMáxima><dañoVariable>10</dañoVariable><facción>Facción2</facción><puedeMover/><dañoCarga>30</dañoCarga></Ficha></Nodo></Tablero>